id,name_en,name_am,school_type,curriculum,grades,language,sub_city,woreda,latitude,longitude,fee_range_etb,fee_range_usd,phone,email,website,established,verified,coordinates_accuracy,tags
1,International Community School of Addis Ababa,ኢንተርናሽናል ኮሚዩኒቲ ስኩል,international,"American (AP & IB)","PreK - Grade 12",English,Bole,03,9.0053,38.8011,"300,000 - 700,000","5,500 - 13,000",+251 11 371 1544,admissions@icsaddis.edu.et,icsaddis.edu.et,1957,false,medium,"international,american,AP,IB"
2,Sandford International School,ሳንድፎርድ ኢንተርናሽናል ስኩል,international,"IB (International Baccalaureate)","KG - Grade 12",English,Bole,02,9.0073,38.7658,"200,000 - 500,000","3,600 - 9,000",+251 11 371 1188,info@sandfordschool.org,sandfordschool.org,1947,false,medium,"international,IB"
3,Deutsche Schule Addis Abeba,ጀርመን ትምህርት ቤት,international,"German (Abitur)","Grade 1 - Grade 12",German,Kirkos,05,9.0278,38.7778,"150,000 - 350,000","2,700 - 6,400",+251 11 551 0044,info@dsaddis.de,dsaddis.de,1965,false,medium,"international,german"
4,Lycée Guébré-Mariam,ልሴ ግብረ ማርያም,international,"French (Baccalauréat)","Maternelle - Terminale",French,Arada,06,9.0400,38.7628,"120,000 - 300,000","2,200 - 5,500",+251 11 123 4567,secretariat@lgm.et,lgm.et,1946,false,medium,"international,french"
5,Ethiopian International School,ኢትዮጵያ ኢንተርናሽናል ስኩል,international,"IB & Ethiopian","KG - Grade 12",English,Bole,04,9.0021,38.7931,"180,000 - 400,000","3,300 - 7,300",+251 11 661 2345,info@eis.edu.et,eis.edu.et,1995,false,low,"international,IB"
6,Green Valley International School,ግሪን ቫሊ ኢንተርናሽናል ስኩል,international,"British (Cambridge)","KG - Grade 12",English,Bole,03,8.9987,38.8056,"160,000 - 380,000","2,900 - 6,900",+251 11 662 1234,admissions@greenvalley.edu.et,greenvalley.edu.et,2003,false,low,"international,british,cambridge"
7,Alpha International Academy,አልፋ ኢንተርናሽናል አካዳሚ,international,"American & Ethiopian","KG - Grade 12",English,Yeka,07,9.0421,38.8156,"120,000 - 250,000","2,200 - 4,500",+251 11 645 3456,info@alpha.edu.et,alpha.edu.et,2005,false,low,"international,american"
8,Nexus International School,ኔክሰስ ኢንተርናሽናል ስኩል,international,"Cambridge IGCSE","KG - Grade 12",English,Bole,06,9.0102,38.7956,"140,000 - 320,000","2,500 - 5,800",+251 11 663 7890,info@nexus.edu.et,nexus.edu.et,2008,false,low,"international,cambridge,igcse"
9,Bole International Academy,ቦሌ ኢንተርናሽናል አካዳሚ,international,"Ethiopian & International","KG - Grade 10","English & Amharic",Bole,05,9.0078,38.7889,"100,000 - 200,000","1,800 - 3,600",+251 11 665 4321,info@bolea.edu.et,,2010,false,low,"international,bilingual,bole"
10,Kolfe International School,ቆልፌ ኢንተርናሽናል ስኩል,international,"Ethiopian & International","KG - Grade 12","English & Amharic","Kolfe Keranio",04,9.0228,38.6934,"80,000 - 180,000","1,500 - 3,300",+251 11 412 3456,,,2012,false,low,"international,bilingual,kolfe"
11,Nazareth School,ናዝሬት ትምህርት ቤት,private,Ethiopian,"KG - Grade 12","Amharic & English",Kirkos,03,9.0156,38.7534,"40,000 - 90,000","730 - 1,600",+251 11 551 8901,,,1929,false,medium,"private,catholic,religious,historic"
12,St. Joseph School (Piassa),ቅዱስ ዮሴፍ ትምህርት ቤት (ፒያሳ),private,Ethiopian,"KG - Grade 12","Amharic & English",Arada,04,9.0356,38.7478,"35,000 - 80,000","640 - 1,450",+251 11 155 7890,,,1950,false,medium,"private,catholic,religious"
13,St. Joseph School (CMC),ቅዱስ ዮሴፍ ትምህርት ቤት (ሲኤምሲ),private,Ethiopian,"KG - Grade 12","Amharic & English",Yeka,10,9.0456,38.8234,"40,000 - 90,000","730 - 1,600",+251 11 646 7890,,,1998,false,low,"private,catholic,religious"
14,Bole Academy,ቦሌ አካዳሚ,private,Ethiopian,"KG - Grade 12","Amharic & English",Bole,04,9.0034,38.7967,"50,000 - 110,000","910 - 2,000",+251 11 663 2345,,,2002,false,low,"private,bole"
15,Sunshine Academy,ሰንሻይን አካዳሚ,private,Ethiopian,"KG - Grade 10","Amharic & English",Yeka,06,9.0389,38.8189,"35,000 - 75,000","640 - 1,360",+251 11 646 5678,,,2007,false,low,"private,yeka"
16,Covenant School,ኮቪናንት ስኩል,private,Ethiopian,"KG - Grade 12","Amharic & English",Bole,07,9.0089,38.8078,"60,000 - 130,000","1,090 - 2,360",+251 11 667 8901,,,2004,false,low,"private,christian"
17,Top School Ethiopia,ቶፕ ስኩል ኢትዮጵያ,private,Ethiopian,"KG - Grade 12","Amharic & English",Kirkos,07,9.0189,38.7645,"45,000 - 100,000","820 - 1,820",+251 11 552 3456,,,2006,false,low,"private,kirkos"
18,Galaxy International School,ጋላክሲ ኢንተርናሽናል ስኩል,private,"Ethiopian & International","KG - Grade 12","English & Amharic","Nifas Silk-Lafto",05,8.9834,38.7589,"55,000 - 120,000","1,000 - 2,180",+251 11 371 9012,,,2009,false,low,"private,bilingual"
19,Meba School,ሜባ ትምህርት ቤት,private,Ethiopian,"KG - Grade 12","Amharic & English","Addis Ketema",06,9.0412,38.7178,"25,000 - 60,000","450 - 1,090",+251 11 276 5678,,,2000,false,low,"private,addis-ketema,affordable"
20,Harmony School,ሃርሞኒ ትምህርት ቤት,private,Ethiopian,"KG - Grade 10","Amharic & English",Lideta,04,9.0189,38.7312,"30,000 - 65,000","545 - 1,180",+251 11 471 2345,,,2003,false,low,"private,lideta"
21,Vision School,ቪዥን ስኩል,private,Ethiopian,"KG - Grade 12","Amharic & English",Gulele,03,9.0623,38.7412,"28,000 - 65,000","510 - 1,180",+251 11 276 4567,,,2001,false,low,"private,gulele"
22,Hope School,ሆፕ ስኩል,private,Ethiopian,"KG - Grade 12","Amharic & English","Kolfe Keranio",06,9.0289,38.7012,"22,000 - 55,000","400 - 1,000",+251 11 413 3456,,,1999,false,low,"private,kolfe,affordable"
23,Ethio-Parents School,ኢትዮ-ፓረንትስ ስኩል,private,Ethiopian,"KG - Grade 12","Amharic & English",Bole,08,9.0134,38.8134,"60,000 - 140,000","1,090 - 2,550",+251 11 661 5678,,,2001,false,low,"private,bole"
24,Aster Mamo School,አስቴር ማሞ ትምህርት ቤት,private,Ethiopian,"KG - Grade 12","Amharic & English",Yeka,08,9.0378,38.8289,"40,000 - 90,000","730 - 1,636",+251 11 648 1234,,,2000,false,low,"private,yeka"
25,Pioneer School,ፓይኒር ስኩል,private,Ethiopian,"KG - Grade 12","Amharic & English","Nifas Silk-Lafto",07,8.9756,38.7434,"35,000 - 80,000","640 - 1,455",+251 11 372 2345,,,2005,false,low,"private,nifas-silk"
26,Crown Academy,ክራውን አካዳሚ,private,Ethiopian,"KG - Grade 12","Amharic & English",Bole,10,9.0212,38.8212,"65,000 - 150,000","1,180 - 2,727",+251 11 664 5678,,,2008,false,low,"private,bole,premium"
27,Pyramid School,ፒራሚድ ስኩል,private,Ethiopian,"KG - Grade 12","Amharic & English",Kirkos,08,9.0201,38.7701,"40,000 - 90,000","730 - 1,636",+251 11 553 6789,,,2004,false,low,"private,kirkos"
28,Sunrise Academy,ሰንራይዝ አካዳሚ,private,Ethiopian,"KG - Grade 8","Amharic & English","Akaki Kaliti",05,8.9134,38.7856,"20,000 - 50,000","364 - 909",+251 11 441 2345,,,2011,false,low,"private,akaki-kaliti,affordable"
29,Zion Academy,ዚዮን አካዳሚ,private,Ethiopian,"KG - Grade 12","Amharic & English",Arada,07,9.0423,38.7512,"35,000 - 80,000","640 - 1,455",+251 11 157 8901,,,2002,false,low,"private,christian,arada"
30,Kidus Gabriel School,ቅዱስ ገብርኤል ትምህርት ቤት,private,Ethiopian,"KG - Grade 12","Amharic & English",Kirkos,04,9.0156,38.7623,"30,000 - 70,000","545 - 1,273",+251 11 553 2345,,,1975,false,medium,"private,orthodox,religious"
31,Medhane Alem School,መድኃኔ ዓለም ትምህርት ቤት,private,Ethiopian,"KG - Grade 12","Amharic & English",Bole,03,9.0056,38.7845,"35,000 - 80,000","636 - 1,455",+251 11 662 3456,,,1985,false,medium,"private,orthodox,religious"
32,St. Mary's School,ቅድስት ማርያም ትምህርት ቤት,private,Ethiopian,"KG - Grade 12","Amharic & English",Lideta,05,9.0156,38.7278,"28,000 - 65,000","509 - 1,182",+251 11 473 4567,,,1960,false,medium,"private,catholic,religious"
33,Bethel School,ቤቴል ትምህርት ቤት,private,Ethiopian,"KG - Grade 12","Amharic & English","Nifas Silk-Lafto",03,8.9812,38.7467,"30,000 - 70,000","545 - 1,273",+251 11 372 5678,,,1980,false,low,"private,protestant,religious"
34,Kidus Michael School,ቅዱስ ሚካኤል ትምህርት ቤት,private,Ethiopian,"KG - Grade 12","Amharic & English",Gulele,05,9.0589,38.7478,"25,000 - 60,000","455 - 1,091",+251 11 156 7890,,,1970,false,medium,"private,orthodox,religious"
35,Unity School,ዩኒቲ ትምህርት ቤት,private,Ethiopian,"KG - Grade 12","Amharic & English","Kolfe Keranio",08,9.0356,38.6978,"25,000 - 60,000","455 - 1,091",+251 11 414 6789,,,2005,false,low,"private,kolfe"
36,Excel School,ኤክሴል ስኩል,private,Ethiopian,"KG - Grade 12","Amharic & English",Yeka,04,9.0312,38.8067,"45,000 - 100,000","818 - 1,818",+251 11 647 8901,,,2010,false,low,"private,yeka,stem"
37,Rainbow School,ሬይንቦው ስኩል,private,Ethiopian,"KG - Grade 8","Amharic & English",Bole,09,9.0167,38.8167,"40,000 - 85,000","727 - 1,545",+251 11 661 9012,,,2012,false,low,"private,bole,elementary"
38,Tafari Makonnen Secondary School,ተፈሪ መኮንን ሁለተኛ ደረጃ ትምህርት ቤት,public,"Ethiopian (Government)","Grade 9 - Grade 12",Amharic,Kirkos,06,9.0189,38.7489,Free (registration fees only),Free,+251 11 551 2345,,,1925,false,medium,"public,government,historic,secondary"
39,Menelik II Secondary School,ምኒሊክ ሁለተኛ ደረጃ ትምህርት ቤት,public,"Ethiopian (Government)","Grade 9 - Grade 12",Amharic,Arada,05,9.0434,38.7578,Free (registration fees only),Free,+251 11 156 3456,,,1908,false,medium,"public,government,historic,secondary"
40,General Wingate Secondary School,ጀነራል ዊንጌት ሁለተኛ ደረጃ ትምህርት ቤት,public,"Ethiopian (Government)","Grade 9 - Grade 12",Amharic,Kirkos,09,9.0223,38.7578,Free (registration fees only),Free,+251 11 551 5678,,,1946,false,medium,"public,government,historic,secondary"
41,Entoto Comprehensive Secondary School,እንጦጦ ሁለተኛ ደረጃ ትምህርት ቤት,public,"Ethiopian (Government)","Grade 9 - Grade 12",Amharic,Gulele,06,9.0656,38.7467,Free (registration fees only),Free,+251 11 277 2345,,,1955,false,medium,"public,government,secondary"
42,Arat Kilo Comprehensive Secondary School,አራት ኪሎ ሁለተኛ ደረጃ ትምህርት ቤት,public,"Ethiopian (Government)","Grade 9 - Grade 12",Amharic,Arada,08,9.0456,38.7612,Free (registration fees only),Free,+251 11 157 6789,,,1960,false,medium,"public,government,secondary"
43,Lideta Secondary School,ልደታ ሁለተኛ ደረጃ ትምህርት ቤት,public,"Ethiopian (Government)","Grade 9 - Grade 12",Amharic,Lideta,06,9.0212,38.7256,Free (registration fees only),Free,+251 11 472 3456,,,1958,false,medium,"public,government,secondary"
44,Kotebe Secondary School,ቆጠቤ ሁለተኛ ደረጃ ትምህርት ቤት,public,"Ethiopian (Government)","Grade 9 - Grade 12",Amharic,Yeka,11,9.0512,38.8334,Free (registration fees only),Free,+251 11 645 5678,,,1965,false,medium,"public,government,secondary"
45,Shola Secondary School,ሾላ ሁለተኛ ደረጃ ትምህርት ቤት,public,"Ethiopian (Government)","Grade 9 - Grade 12",Amharic,Yeka,03,9.0312,38.8112,Free (registration fees only),Free,+251 11 646 7890,,,1968,false,medium,"public,government,secondary"
46,Bole Secondary School,ቦሌ ሁለተኛ ደረጃ ትምህርት ቤት,public,"Ethiopian (Government)","Grade 9 - Grade 12",Amharic,Bole,01,8.9956,38.7878,Free (registration fees only),Free,+251 11 661 1234,,,1972,false,medium,"public,government,secondary"
47,Kirkos Secondary School,ቂርቆስ ሁለተኛ ደረጃ ትምህርት ቤት,public,"Ethiopian (Government)","Grade 9 - Grade 12",Amharic,Kirkos,02,9.0145,38.7512,Free (registration fees only),Free,+251 11 552 8901,,,1969,false,medium,"public,government,secondary"
48,Gulele Secondary School,ጉለሌ ሁለተኛ ደረጃ ትምህርት ቤት,public,"Ethiopian (Government)","Grade 9 - Grade 12",Amharic,Gulele,07,9.0656,38.7334,Free (registration fees only),Free,+251 11 277 5678,,,1971,false,medium,"public,government,secondary"
49,Kolfe Secondary School,ቆልፌ ሁለተኛ ደረጃ ትምህርት ቤት,public,"Ethiopian (Government)","Grade 9 - Grade 12",Amharic,"Kolfe Keranio",03,9.0212,38.6912,Free (registration fees only),Free,+251 11 413 7890,,,1970,false,medium,"public,government,secondary"
50,Akaki Secondary School,አቃቂ ሁለተኛ ደረጃ ትምህርት ቤት,public,"Ethiopian (Government)","Grade 9 - Grade 12",Amharic,"Akaki Kaliti",07,8.9134,38.7978,Free (registration fees only),Free,+251 11 441 5678,,,1975,false,medium,"public,government,secondary"
51,Nifas Silk Secondary School,ንፋስ ስልክ ሁለተኛ ደረጃ ትምህርት ቤት,public,"Ethiopian (Government)","Grade 9 - Grade 12",Amharic,"Nifas Silk-Lafto",04,8.9756,38.7289,Free (registration fees only),Free,+251 11 371 4567,,,1974,false,medium,"public,government,secondary"
52,Addis Ketema Secondary School,አዲስ ከተማ ሁለተኛ ደረጃ ትምህርት ቤት,public,"Ethiopian (Government)","Grade 9 - Grade 12",Amharic,"Addis Ketema",05,9.0434,38.7178,Free (registration fees only),Free,+251 11 276 8901,,,1967,false,medium,"public,government,secondary"
53,Yeka Secondary School,የካ ሁለተኛ ደረጃ ትምህርት ቤት,public,"Ethiopian (Government)","Grade 9 - Grade 12",Amharic,Yeka,09,9.0456,38.8289,Free (registration fees only),Free,+251 11 648 9012,,,1980,false,medium,"public,government,secondary"
54,Haile Selassie I Secondary School,ቀዳማዊ ኃይለ ሥላሴ ሁለተኛ ደረጃ ትምህርት ቤት,public,"Ethiopian (Government)","Grade 9 - Grade 12",Amharic,Arada,03,9.0378,38.7534,Free (registration fees only),Free,+251 11 155 1234,,,1930,false,medium,"public,government,historic,secondary"
55,Megenagna Primary School,መገናኛ አንደኛ ደረጃ ትምህርት ቤት,public,"Ethiopian (Government)","Grade 1 - Grade 8",Amharic,Yeka,01,9.0267,38.8023,Free,Free,+251 11 645 1234,,,1978,false,medium,"public,government,primary"
56,Sidist Kilo Primary School,ስድስት ኪሎ አንደኛ ደረጃ ትምህርት ቤት,public,"Ethiopian (Government)","Grade 1 - Grade 8",Amharic,Arada,09,9.0456,38.7623,Free,Free,+251 11 122 3456,,,1962,false,medium,"public,government,primary"
57,Merkato Primary School,መርካቶ አንደኛ ደረጃ ትምህርት ቤት,public,"Ethiopian (Government)","Grade 1 - Grade 8",Amharic,"Addis Ketema",03,9.0389,38.7245,Free,Free,+251 11 275 6789,,,1955,false,medium,"public,government,primary"
58,Gerji International School,ገርጂ ኢንተርናሽናል ስኩል,private,"Ethiopian & International","KG - Grade 12","English & Amharic",Bole,11,9.0212,38.8289,"80,000 - 180,000","1,455 - 3,273",+251 11 668 1234,,,2014,false,low,"private,bole,bilingual"
59,CMC Michael School,ሲኤምሲ ሚካኤል ትምህርት ቤት,private,Ethiopian,"KG - Grade 12","Amharic & English",Yeka,09,9.0489,38.8234,"40,000 - 90,000","727 - 1,636",+251 11 649 5678,,,2008,false,low,"private,yeka,CMC"
60,Addis International School,አዲስ ኢንተርናሽናል ስኩል,international,"American & IB","KG - Grade 12",English,Bole,05,9.0078,38.8034,"200,000 - 480,000","3,636 - 8,727",+251 11 663 4567,admissions@addisintl.edu.et,addisintl.edu.et,2001,false,low,"international,american,IB"
61,Hayat School,ሃያት ትምህርት ቤት,private,Ethiopian,"KG - Grade 12","Amharic & English",Bole,06,9.0056,38.7967,"50,000 - 110,000","909 - 2,000",+251 11 663 8901,,,2006,false,low,"private,bole"
62,Kality Secondary School,ቃሊቲ ሁለተኛ ደረጃ ትምህርት ቤት,public,"Ethiopian (Government)","Grade 9 - Grade 12",Amharic,"Akaki Kaliti",03,8.9012,38.7834,Free (registration fees only),Free,+251 11 442 6789,,,1980,false,medium,"public,government,secondary"
63,Lafto Secondary School,ላፍቶ ሁለተኛ ደረጃ ትምህርት ቤት,public,"Ethiopian (Government)","Grade 9 - Grade 12",Amharic,"Nifas Silk-Lafto",08,8.9689,38.7156,Free (registration fees only),Free,+251 11 373 4567,,,1977,false,medium,"public,government,secondary"
64,Olympia School,ኦሊምፒያ ትምህርት ቤት,private,Ethiopian,"KG - Grade 12","Amharic & English",Kirkos,10,9.0234,38.7745,"45,000 - 100,000","818 - 1,818",+251 11 554 2345,,,1997,false,low,"private,kirkos,sports"
65,Tsehay School,ፀሐይ ትምህርት ቤት,private,Ethiopian,"KG - Grade 12","Amharic & English",Gulele,08,9.0689,38.7523,"28,000 - 65,000","509 - 1,182",+251 11 278 5678,,,2003,false,low,"private,gulele"
